Estimate,Std. Error,t value,Pr(>|t|)
59.69035272268081,2.166100519252911,27.556594069451602,1.0789897161103527e-87
0.3129647200592612,0.03603428856230389,8.685192147422029,1.7611776905167527e-16
