Estimate,Std. Error,t value,Pr(>|t|)
63.99252486383897,1.7981660380630355,35.5876618228042,6.9260277988473655e-121
0.18497245166552514,0.017806273362229067,10.388049644227717,2.5219257417741307e-22
